667401,9203939361,ADT Fort Atkinson,140 Edward St,Fort Atkinson,WI,53538
667397,5412165267,ADT The Dalles,1217 W 6th St,The Dalles,OR,97058
667399,2242254655,ADT Fox Lake,28 E Grand Ave,Fox Lake,IL,60020
667395,8452413026,ADT Suffern,177 Lafayette Ave,Suffern,NY,10901
667391,3049453629,ADT Bluefield,245 Bland St,Bluefield,WV,24701
667393,9088016254,ADT New Providence,67 Chanlon Rd,New Providence,NJ,07974
667389,8622142482,ADT Woodland Park,257 Lackawanna Ave,Woodland Park,NJ,07424
667385,3212255794,ADT Inc.,2 N Atlantic Ave,Cocoa Beach,FL,32931
667387,8303023054,ADT Inc.,188 E Main St,Fredericksburg,TX,78624
667383,2623426109,ADT Inc.,241 Taft St,Cedarburg,WI,53012
667379,2166733907,ADT Beachwood,23287 Chagrin Blvd,Beachwood,OH,44122
667381,4025131794,ADT South Sioux City,2400 U.S. 20 Business,South Sioux City,NE,68776
667377,6037094166,ADT Somersworth,2 Constitutional Way,Somersworth,NH,03878
667373,5022577534,ADT Mt Washington,182 N Bardstown Rd,Mt Washington,KY,40047
667375,7163913501,ADT Lancaster,5384 Broadway,Lancaster,NY,14086
667371,9545074725,ADT Pompano Beach,1644 NE 36th St,Pompano Beach,FL,33064
667369,9563175591,ADT Hidalgo,134 E Coma Ave,Hidalgo,TX,78557
667365,4155244942,ADT San Anselmo,601 Marin County Bicycle Route 20,San Anselmo,CA,94960
667367,3155143511,Ogdensburg ADT,701 New York 68,Ogdensburg,NY,13669
667363,9203939299,ADT Little Chute,202 W Main St,Little Chute,WI,54140
667359,8312639220,ADT Scotts Valley,596 Mt Hermon Rd,Scotts Valley,CA,95066
667361,2344666925,ADT East Liverpool,201 E 5th St,East Liverpool,OH,43920
667357,4693400978,ADT Seagoville,100 U.S. 175 Frontage Rd,Seagoville,TX,75159
667353,8164923886,ADT Company,540 Leavenworth Ave,Excelsior Springs,MO,64024
667355,8704124547,ADT Inc.,301 S 7th St,Arkadelphia,AR,71923
667351,8622130836,ADT Company,249 Warburton Ave,Hawthorne,NJ,07506
667349,6128442528,ADT Company,7511 Long Lake Rd,Mounds View,MN,55112
667345,8282783720,Hendersonville ADT,111 3rd Ave E,Hendersonville,NC,28792
667343,6153235978,ADT Portland,212 Ronnie Mc Dowell Pkwy,Portland,TN,37148
667341,9034833008,Kilgore ADT,219 E Main St,Kilgore,TX,75662
667339,5853783506,ADT Canandaigua,4338 Eastern Blvd,Canandaigua,NY,14424
667335,5712295453,ADT Company,239 W Broad St,Falls Church,VA,22046
667337,3202817178,ADT Sauk Rapids,202 2nd St N,Sauk Rapids,MN,56379
667333,4176584951,ADT Company,201 Jefferson Ave,West Plains,MO,65775
667329,6183910498,ADT Inc.,557 Shiloh O'Fallon Township Rd,Shiloh,IL,62269
667331,6165224019,ADT East Grand Rapids,2237 Wealthy St SE,East Grand Rapids,MI,49506
667327,7174969348,ADT Elizabethtown,2 W Park St,Elizabethtown,PA,17022
667323,2622268863,ADT Home Security,372 N Moore Rd,Port Washington,WI,53074
667325,9203939196,ADT Waupun,501 E Main St,Waupun,WI,53963
667321,9712030002,ADT Home Security,1900 McLoughlin Blvd,Oregon City,OR,97045
667317,7046664037,ADT Home Security,200 S Piedmont Ave,Kings Mountain,NC,28086
667319,2014942769,ADT Home Security,1 Universal Pl,Moonachie,NJ,07074
667315,7162062314,ADT Home Security,301 Lynx St,Dunkirk,NY,14048
667311,7083157712,ADT Home Security,7413 Lake St,River Forest,IL,60305
667313,9792726011,ADT Home Security,12352 Texas 6,Santa Fe,TX,77510
667309,4123457954,ADT Company,3215 Leechburg Rd,Lower Burrell,PA,15068
667307,6085727387,ADT Inc.,1142 17th Ave,Monroe,WI,53566
667303,6614801630,ADT Inc.,325 W Perkins Ave,McFarland,CA,93250
667305,8562981805,ADT Inc.,299 Creek Rd,Bellmawr,NJ,08031
667301,5102532942,ADT Company,251 Wildwood Ave,Piedmont,CA,94610
667299,7403131027,ADT Company,926 U.S. 40,Cambridge,OH,43725
667295,4405167018,Bedford Heights ADT,5075 Richmond Rd,Bedford Heights,OH,44146
667297,3374057881,Abbeville ADT,124 S State St,Abbeville,LA,70510
667293,4693270267,Lakeway ADT,866 Ranch Road 620 S,Lakeway,TX,78734
667289,6052318315,Vermillion ADT,102 E Main St,Vermillion,SD,57069
667291,6602021942,Marshall ADT,216 N English Ave,Marshall,MO,65340
667287,4123261974,Munhall ADT,101 E Virginia Ave,Munhall,PA,15120
667285,3072019668,Green River ADT,1 E Flaming Gorge Way,Green River,WY,82935
667281,7709546493,ADT Chamblee,5251 Georgia 141,Chamblee,GA,30341
667277,8152420927,ADT Inc.,100 W Mondamin St,Minooka,IL,60447
667279,8506343951,Niceville ADT,900 John Sims Pkwy,Niceville,FL,32578
667275,3153673018,ADT Company,100 S 1st St,Fulton,NY,13069
667273,3024646217,ADT Inc.,47 Delaware 299,Middletown,DE,19709
667271,5702452812,ADT Company,34 W Main St,Bloomsburg,PA,17815
667267,5134333028,ADT Home Security,4413 Lake Forest Dr,Blue Ash,OH,45242
667269,2513084867,ADT Home Security,294 S McKenzie St,Foley,AL,36535
667265,8152553923,ADT Morris,301 Liberty St,Morris,IL,60450
667261,8563065143,ADT Collingswood,741 Haddon Ave,Collingswood,NJ,08108
667263,9704587008,ADT,1263 W Main St,Sterling,CO,80751
667259,9088016217,ADT Roselle Park,132 Chestnut St,Roselle Park,NJ,07204
667257,5052787346,ADT,1653 New Mexico 518,Las Vegas,NM,87701
667255,6037094168,ADT,105 Flynn St,Lebanon,NH,03766
667251,6265075891,ADT,2201 Huntington Dr,San Marino,CA,91108
667253,4406527084,ADT Lyndhurst,5627 U.S. 322,Lyndhurst,OH,44124
667249,2623262072,ADT,100 N Johnson St,Hartford,WI,53027
667245,7709752279,ADT,668 W Bankhead Hwy,Villa Rica,GA,30180
667247,8583459716,ADT,114 Solana Hills Dr,Solana Beach,CA,92075
667241,7083157719,ADT Richton Park,3789 Sauk Trail,Richton Park,IL,60471
667237,7853184969,ADT Ottawa,117 S Main St,Ottawa,KS,66067
667239,2562488943,ADT Sylacauga,1 N Industrial Ave,Sylacauga,AL,35150
667235,4405167019,ADT Brecksville,7148 Chippewa Rd,Brecksville,OH,44141
667233,3525576978,ADT Mt Dora,341 Alexander St,Mt Dora,FL,32757
667229,3367760736,ADT Security,201 Brookside Dr,Lewisville,NC,27023
667231,2082547073,ADT Company,9265 N Government Way,Hayden,ID,83835
667223,7155988490,ADT Security,114 N Bridge St,Chippewa Falls,WI,54729
667225,6183910506,ADT Security,1706 N Illinois St,Swansea,IL,62226
667221,5134266473,ADT Company,4410 E 2nd St,Franklin,OH,45005
667219,7753025608,ADT Company,50 Center St,Fernley,NV,89408
667215,2513084577,ADT Company,14 Shelton Beach Rd,Saraland,AL,36571
667217,5702450408,ADT Company,216 U.S. 11,Kingston,PA,18704
667213,3185147963,ADT Security,700 Main St,Minden,LA,71055
667211,2164506898,ADT,20571 Southgate Park Blvd,Maple Heights,OH,44137
667209,9193512535,ADT Smithfield,200 N 9th St,Smithfield,NC,27577
667207,6085727249,ADT Stoughton,300 E Jefferson St,Stoughton,WI,53589
667205,6036784328,Claremont ADT,103 Broad St,Claremont,NH,03743
667203,5134098138,Reading ADT,202 W Mechanic St,Reading,OH,45215
667201,3202817124,ADT Alexandria,500 Broadway St,Alexandria,MN,56308
667199,2484944622,ADT Clawson,21 S Main St,Clawson,MI,48017
667197,2014942762,West New York ADT,71 66th St,West New York,NJ,07093
667193,3373853186,ADT Jennings,208 N Main St,Jennings,LA,70546
667189,3049453467,Vienna ADT,400 31st St,Vienna,WV,26105
667191,5022517067,Lyndon ADT,8112 New Lagrange Rd,Lyndon,KY,40222
667187,5022517065,ADT Bardstown,101 U.S. 31E,Bardstown,KY,40004
667185,5302373135,ADT Anderson,2600 Balls Ferry Rd,Anderson,CA,96007
667181,3153253529,ADT Massena,21 Romeo Ave,Massena,NY,13662
667183,9512282056,Canyon Lake ADT,30936 Railroad Canyon Rd,Canyon Lake,CA,92587
667179,6085316209,ADT Baraboo,135 4th St,Baraboo,WI,53913
667175,6362320653,ADT Festus,150 Palliet St,Festus,MO,63028
667177,9704587004,ADT Fort Morgan,150 E Railroad Ave,Fort Morgan,CO,80701
667173,7205043068,ADT Superior,7600 Marshall Dr,Superior,CO,80027
667169,7325647108,ADT Keansburg,290 Main St,Keansburg,NJ,07734
667171,6125948933,ADT,2566 7th Ave E,North St Paul,MN,55109
667167,9563175568,ADT,911 Grant St,Roma,TX,78584
667163,2693403532,ADT Niles,278 E Main St,Niles,MI,49120
667161,2702836065,ADT Union City,174 Tennessee 21,Union City,TN,38261
667159,8152053023,ADT Pontiac,200 N Plum St,Pontiac,IL,61764
667153,5592496644,ADT,101 S Elmwood Ave,Lindsay,CA,93247
667155,9252387347,ADT,6031 Center St,Clayton,CA,94517
667151,6085120568,ADT,100 E Main St,Waunakee,WI,53597
667147,6625454364,ADT,200 S Division St,West Point,MS,39773
667145,8142067619,ADT,325 Seneca St,Oil City,PA,16301
667141,6165224014,ADT Home Security,100 Washington Ave,Grand Haven,MI,49417
667143,5022517059,ADT,500 Main St,Shelbyville,KY,40065
667139,8622033326,ADT Home Security,201 Wallington Ave,Wallington,NJ,07057
667135,6093852351,ADT Home Security,1073 Erial Rd,Pine Hill,NJ,08021
667137,9738458698,ADT Home Security,1 Lynden Pl,Totowa,NJ,07512
667133,3362616753,ADT Home Security,121 W Clay St,Mebane,NC,27302
667129,7243202506,ADT Home Security,400 Steel St,Aliquippa,PA,15001
667125,9738458209,ADT Home Security,252 George Cobb Ln,Lincoln Park,NJ,07035
667127,2055780532,ADT Home Security,8014 Bankhead National Hwy,Leeds,AL,35094
667123,2055306741,ADT Home Security,665 Bessemer Rd,Midfield,AL,35228
667119,4172970965,ADT,1001 S Neosho Blvd,Neosho,MO,64850
667121,2674603506,ADT,23 E Baltimore Ave,Lansdowne,PA,19050
667117,5592390350,ADT,740 Anchor Ave,Orange Cove,CA,93646
667115,5712295346,ADT,326 Manassas Dr,Manassas Park,VA,20111
667113,4693199725,ADT,317 Oak St,Sweetwater,TX,79556
667111,7073462193,ADT Home Security,716 S Fortuna Blvd,Fortuna,CA,95540
667107,6093851406,ADT Somers Point,618 9th St,Somers Point,NJ,08244
667109,9034806950,ADT Home Security,100 E 5th St,Bonham,TX,75418
667105,8323915616,ADT Webster,400 Bay Area Blvd,Webster,TX,77598
667101,4402524026,ADT Willoughby Hills,27889 Grand Army of the Republic Hwy,Willoughby Hills,OH,44092
667103,5864828097,ADT,35119 Cricklewood Blvd,New Baltimore,MI,48047
667099,4123261930,ADT Franklin Park,7700 McKnight Rd,Franklin Park,PA,15237
667097,9374042573,ADT Greenville,4302 Wagner Ave,Greenville,OH,45331
667093,4782390497,ADT Perry,1020 Georgia 11,Perry,GA,31069
667095,5125938994,ADT 425 E Main Ave,425 E Main Ave,Robstown,TX,78380
667091,6093852365,ADT Ventnor City,6309 Ventnor Ave,Ventnor City,NJ,08406
667087,3604882136,ADT Kelso,205 N Pacific Ave,Kelso,WA,98626
667089,2603572462,ADT St. John,8032 Indianapolis Blvd,St. John,IN,46373
667085,5672457009,ADT,536 Plaza Dr,Fostoria,OH,44830
667083,2175484748,ADT,411 S Century Blvd,Rantoul,IL,61866
667081,4242066307,ADT,29171 Heathercliff Rd,Malibu,CA,90265
667075,6314388046,ADT,27 Montauk Hwy,Patchogue,NY,11772
667077,8434080558,ADT,105 Goldman St,Clemson,SC,29631
667073,2192924924,ADT Auburn,101 W 9th St,Auburn,IN,46706
667071,8622034808,ADT Haskell,915 Ringwood Ave,Haskell,NJ,07420
667069,9185051078,ADT Miami,583 Hwy 66,Miami,OK,74354
667063,9092194101,ADT Grand Terrace,22455 Barton Rd,Grand Terrace,CA,92313
667059,9063790909,ADT Escanaba,1300 Ludington St,Escanaba,MI,49829
667061,6305818374,ADT Warrenville,3S241 Warren Ave,Warrenville,IL,60555
667057,5072461002,ADT New Ulm,105 N Minnesota St,New Ulm,MN,56073
667055,8703622334,ADT Marion,1 Manor St,Marion,AR,72364
667053,7866183674,ADT Home Security,1049 Florida 985,Miami,FL,33174
667051,6624685662,ADT,100 N Chrisman Ave,Cleveland,MS,38732
667049,7174926267,ADT,56 E Main St,Ephrata,PA,17522
667045,4432525984,ADT Home Security,200 N Washington St,Havre de Grace,MD,21078
667041,7324829384,ADT Home Security,2 Station Pl,Metuchen,NJ,08840
667039,3177356496,ADT Secure,300 N Galen Dr,Avon,IN,46123
667035,2173180295,Taylorville ADT,200 S Main St,Taylorville,IL,62568
667037,3212217764,ADT Secure,13460 E Hwy 50,Clermont,FL,34711
667033,8478659027,ADT Beach Park,38900 N Sheridan Rd,Beach Park,IL,60099
667031,7083157701,Markham ADT,3115 Grand Army of the Republic Hwy,Markham,IL,60428
667029,6265075876,ADT Secure,1600 W Grand Ave,Grover Beach,CA,93433
667025,6125948566,ADT Secure,14310 Forest Blvd N,Hugo,MN,55038
667023,6362320652,ADT Secure,401 Old Missouri 47,Troy,MO,63379
667019,5094209132,ADT Secure,589 11th St NE,East Wenatchee,WA,98802
667021,2106705081,ADT Secure,12400 Gunn Rd,Live Oak,TX,78233
667017,9045720744,ADT Secure,200 Atlantic Blvd,Atlantic Beach,FL,32233
667013,8134796953,ADT Home,5435 Gall Blvd,Zephyrhills,FL,33542
667015,5803025978,ADT Home,701 Main St,Woodward,OK,73801
667009,3862678366,ADT Business,1566 Florida 5A,Holly Hill,FL,32117
667011,7653193692,ADT Home,27 S State Road 19,Peru,IN,46970
667007,3093656467,ADT Business,201 N Main St,Kewanee,IL,61443
667005,8434080552,ADT Security Systems,100 Peachview Blvd,Gaffney,SC,29341
666999,2173180291,ADT Chatham,101 E Mulberry St,Chatham,IL,62629
667001,4693199377,ADT Azle,100 Roe St,Azle,TX,76020
666997,4842407007,ADT Emmaus,101 Flower St,Emmaus,PA,18049
666993,7403131009,ADT Coshocton,4 Vine St,Coshocton,OH,43812
666995,3604097734,ADT Enumclaw,1501 Porter St,Enumclaw,WA,98022
666991,9137307729,ADT Lansing,535 N Main St,Lansing,KS,66043
666989,4052934593,ADT Choctaw,14431 NE 23rd St,Choctaw,OK,73020
666987,2014509278,ADT Westwood,49 Woodland Ave,Westwood,NJ,07675
666985,9123396483,ADT Vidalia,100 SW Main St,Vidalia,GA,30474
666983,5802820121,ADT Guymon,564 N Main St,Guymon,OK,73942
666979,5735520454,ADT Kennett,221 N Main St,Kennett,MO,63857
666977,3604097578,ADT Ferndale,5628 3rd Ave,Ferndale,WA,98248
666973,4842323029,ADT Yeadon,700 Baltimore Pike,Yeadon,PA,19050
666975,7866183649,ADT,7101 SW 58th Ave,South Miami,FL,33143
666969,3303315745,ADT Ravenna,270 W Main St,Ravenna,OH,44266
666971,3145969716,ADT Des Peres,11949 Historic U.S. 66,Des Peres,MO,63131
666967,3153253513,ADT Oneida,1001 Glenwood Shopping Plaza,Oneida,NY,13421
666963,8123294719,Greensburg ADT,101 E Washington St,Greensburg,IN,47240
666961,8123293765,ADT Washington,201 E Main St,Washington,IN,47501
666959,3302991741,Youngstown ADT,5001 Youngstown-Poland Rd,Youngstown,OH,44514
666957,3143845106,St Louis ADT,8501 Old Sappington Rd,St Louis,MO,63126
666953,2014250341,Carlstadt ADT,525 Union St,Carlstadt,NJ,07072
666949,9282391202,ADT Cottonwood,1787 E Cottonwood St,Cottonwood,AZ,86326
666951,6787851892,Norcross ADT,6571 Georgia 140,Norcross,GA,30071
666947,2053865167,ADT Calera,8400 Alabama 3,Calera,AL,35040
666943,4402524024,ADT Security Systems,4767 U.S. 6,Vermilion,OH,44089
666945,9123396479,ADT Douglas,823 S Peterson Ave,Douglas,GA,31533
666941,7324126543,ADT Security Systems,50 Trotters Way,Freehold,NJ,07728
666939,9363070988,ADT Security Systems,232 Dixie Dr,Clute,TX,77531
666937,6623885310,ADT Security Systems,331 E 5th St,Yazoo City,MS,39194
666931,6153235976,ADT Security Systems,851 N Locust Ave,Lawrenceburg,TN,38464
666933,4693095061,ADT Security Systems,311 N Virginia St,Port Lavaca,TX,77979
666929,9373981429,ADT Security Systems,809 E US Highway 36,Urbana,OH,43078
666923,7152452794,ADT Home Security,1701 Riverside Ave,Marinette,WI,54143
666925,8562882117,ADT Security Systems,1 Warwick Rd,Haddonfield,NJ,08033
666921,7083157597,ADT,40 E North Ave,Northlake,IL,60164
666917,9712022847,ADT Home Security,2028 Tualatin Valley Hwy,Cornelius,OR,97113
666919,9085163781,ADT Home Security,25 S 3rd Ave,Manville,NJ,08835
666915,6623141989,ADT,100 Court Ave,Indianola,MS,38751
666911,9045720629,ADT,600 St Johns Ave,Palatka,FL,32177
666913,3302860561,ADT,3129 Greenwich Rd,Norton,OH,44203
666909,6082917206,ADT Home Security,101 S Shuman St,Verona,WI,53593
666905,8502524094,ADT Niceville,1102 John Sims Pkwy,Niceville,FL,32578
666907,9135652369,ADT Merriam,5790 Kessler Ln,Merriam,KS,66203
666903,8702924605,ADT Harrison,101 E Crandall Ave,Harrison,AR,72601
666899,6074410629,ADT Oneonta,4418 New York 23,Oneonta,NY,13820
666901,6624405491,ADT Hernando,2541 Church St,Hernando,MS,38632
666895,3153253519,ADT Geneva,301 New York State Bicycle Route 14,Geneva,NY,14456
666897,9033451502,ADT Athens,201 N Prairieville St,Athens,TX,75751
666893,9283585089,ADT Show Low,856 W Deuce of Clubs,Show Low,AZ,85901
666891,5302373095,ADT Auburn,11701 Enterprise Dr,Auburn,CA,95603
666889,7272284630,ADT Gulfport,2143 49th St S,Gulfport,FL,33707
666885,9103659984,ADT Home Security,136 Short Rd,Pinehurst,NC,28374
666887,4142190174,ADT Home Security,1801 E Capitol Dr,Shorewood,WI,53211
666883,8142041353,ADT,906 Park Ave,Meadville,PA,16335
666879,2192812983,ADT Home,3700 Fairview Ave,Lake Station,IN,46405
666877,9103659964,ADT Home,200 W Patterson St,Hope Mills,NC,28348
666873,4153290781,ADT Mill Valley,712 E Blithedale Ave,Mill Valley,CA,94941
666875,9282512394,ADT Home,233 E Main St,Somerton,AZ,85350
666871,4693199073,ADT Crowley,905 S Crowley Rd,Crowley,TX,76036
666869,9314524797,ADT McMinnville,110 Calvin St,McMinnville,TN,37110
666865,5592100232,ADT Parlier,449 E Manning Ave,Parlier,CA,93648
666861,8702283561,ADT Forrest City,200 N Washington St,Forrest City,AR,72335
666863,8476863989,ADT Winnetka,559 Chestnut St,Winnetka,IL,60093
666859,2082547072,ADT Mountain Home,100 N 3rd E St,Mountain Home,ID,83647
666855,9738454247,ADT Florham Park,19 James St,Florham Park,NJ,07932
666857,6016804338,ADT Brookhaven,101 N Jackson St,Brookhaven,MS,39601
666853,9735872098,ADT Home,200 Romain Ave,Pompton Lakes,NJ,07442
666849,6145478579,ADT Home,57 W Wilson Bridge Rd,Worthington,OH,43085
666851,7083157662,ADT Home,1027 E 31st St,La Grange Park,IL,60526
666847,9045720732,ADT Home,2216 Dixie Hwy,St Augustine,FL,32086
666845,4352142430,ADT Home,1 N 300 W,Hurricane,UT,84737
666841,7083157649,ADT Home Security,8612 W 95th St,Hickory Hills,IL,60457
666839,9852315675,ADT,1800 Ronald Reagan Hwy,Mandeville,LA,70448
666835,3047194758,ADT Home Security,100 7th Ave,South Charleston,WV,25303
666837,2082278631,ADT Home Security,330 W Main St,Kuna,ID,83634
666833,2254067309,ADT Home Security,2813 Ray Weiland Dr,Baker,LA,70714
666829,7083157599,ADT Chicago Ridge,10515 S Ridgeland Ave,Chicago Ridge,IL,60415
666827,2065195495,ADT,4001 NE 174th St,Lake Forest Park,WA,98155
666825,8282783712,ADT Newton,116 N College Ave,Newton,NC,28658
666821,5133277154,ADT Sharonville,11515 Rockfield Ct,Sharonville,OH,45241
666823,6502930376,ADT Half Moon Bay,1 San Mateo Rd,Half Moon Bay,CA,94019
666817,7708585681,ADT Monroe,271 S Broad St,Monroe,GA,30655
666811,2402452043,ADT,7617 Fountainebleau Dr,New Carrollton,MD,20784
666813,6092704553,ADT Princeton,42 Franklin Terrace,Princeton,NJ,08542
666807,3373277985,ADT Home Security,100 S 2nd St,Eunice,LA,70535
666803,8562817755,ADT Home Security,356 9th St,Gloucester City,NJ,08030
666805,6264279057,ADT Home Security,55 Sierra Madre Blvd,Sierra Madre,CA,91024
666801,7324126459,ADT Home Security,20 Washington St,Toms River,NJ,08753
666799,8702283558,ADT Home Security,200 Jefferson St SW,Camden,AR,71701
666797,6502107357,ADT,200 Alameda De Las Pulgas,San Mateo,CA,94402
666795,9562158605,ADT Home Security,157 S Alton Blvd,Alton,TX,78573
666793,9282391171,ADT,258 S Main St,Camp Verde,AZ,86322
666791,8322614961,ADT,1839 E Nasa Pkwy,Seabrook,TX,77586
666785,8282700249,Lincolnton ADT,100 N Poplar St,Lincolnton,NC,28092
666787,4172335815,Webb City ADT,100 W Church St,Webb City,MO,64870
666783,3192504591,ADT Home Security,160 Iowa 965,North Liberty,IA,52317
666779,9312786271,Red Bank ADT,3910 Dayton Blvd,Red Bank,TN,37415
666781,5132856943,ADT Home Security,800 W State St,Trenton,OH,45067
666777,3603835079,ADT Security Systems,809 Puget St,Sedro-Woolley,WA,98284
666773,9202734962,ADT Security Systems,3236 Lakeview Dr,Suamico,WI,54173
666775,6513428894,ADT Security Systems,2036 Lexington Ave S,Mendota Heights,MN,55120
666771,4234309233,ADT Security Systems,1208 West Ave,Crossville,TN,38555
666767,7708573827,ADT Lilburn,4825 Lawrenceville Hwy,Lilburn,GA,30047
666765,3192504584,ADT Fort Madison,610 8th St,Fort Madison,IA,52627
666763,9852315640,Morgan City ADT,701 Front St,Morgan City,LA,70380
666761,8646184711,ADT Newberry,1001 Friend St,Newberry,SC,29108
666759,9045156184,ADT Fernandina Beach,204 Centre St,Fernandina Beach,FL,32034
666755,5512268459,ADT Wyckoff,450 W Main St,Wyckoff,NJ,07481
666757,2692885945,ADT Sturgis,120 W Chicago Rd,Sturgis,MI,49091
666753,9402273713,ADT Vernon,1500 U.S. 283,Vernon,TX,76384
666751,2317608034,ADT Muskegon Heights,36 E Broadway Ave,Muskegon Heights,MI,49444
666747,4842323019,ADT Security Systems,2 N 10th Ave,Coatesville,PA,19320
666749,2622268790,ADT Burlington,440 S Pine St,Burlington,WI,53105
666745,6314173038,ADT Security Systems,3421 New York 25,Lake Grove,NY,11755
666743,8312468041,ADT Security Systems,200 Franciscan Way,King City,CA,93930
666741,3133347396,ADT Security Systems,14875 Jefferson Ave,Detroit,MI,48215
666737,2483284522,ADT Security Systems,115 E Lake St,South Lyon,MI,48178
666739,9032890152,ADT Security Systems,107 N Main St,Henderson,TX,75652
666735,5622067681,ADT Home Security,11313 Los Alamitos Blvd,Los Alamitos,CA,90720
666733,5072251003,ADT Home Security,260 S Minnesota Ave,St Peter,MN,56082
666731,2482947048,ADT Home Security,413 S Leroy St,Fenton,MI,48430
666729,7072427474,ADT Home Security,1101 Vine St,Healdsburg,CA,95448
666727,7243025008,ADT,48 W Main St,Uniontown,PA,15401
666725,6183910477,ADT,31 E Ferguson Ave,Wood River,IL,62095
666721,2192327017,ADT Cedar Lake,9905 W 133rd Ave,Cedar Lake,IN,46303
666723,8034897958,ADT Columbia,1300 Omarest Dr,Columbia,SC,29210
666719,4152267416,ADT Larkspur,53 E Ward St,Larkspur,CA,94939
666717,7122645471,ADT Spencer,301 U.S. 18,Spencer,IA,51301
666715,5302373068,ADT Marysville,517 9th St,Marysville,CA,95901
666711,2082278608,ADT Garden City,3480 Chinden Blvd,Garden City,ID,83714
666713,5412165263,ADT Ontario,1449 Olds Ferry-Ontario Hwy,Ontario,OR,97914
666707,4842323021,ADT Whitehall,119 Bridge S,Whitehall,PA,18032
666709,3302378173,ADT Dover,137 W 3rd St,Dover,OH,44622
666705,7082953019,ADT Palos Heights,12329 Harlem Ave,Palos Heights,IL,60463
666701,7572721692,ADT Home Security,305 S England St,Williamsburg,VA,23185
666703,2092269134,ADT,373 Main St,Livingston,CA,95334
666695,7272284584,ADT,3729 Tampa Rd,Oldsmar,FL,34677
666693,2622268794,ADT,1423989 Stone Ridge Dr,Waukesha,WI,53188
666691,6092643037,ADT,101 S 2nd St,Hammonton,NJ,08037
666687,2484793163,ADT Security,30800 S Wixom Rd,Wixom,MI,48393
666689,9792433897,ADT Security,401 N Gulf Blvd,Freeport,TX,77541
666685,6514477163,ADT Security,719 County Road F E,Vadnais Heights,MN,55127
666683,7605426709,ADT Security,5836 E Washington Blvd,Commerce,CA,90040
666675,7152452787,ADT,5300 Sternberg Ave,Weston,WI,54476
666677,4237631785,ADT,10145 Dallas Hollow Rd,Soddy-Daisy,TN,37379
666673,2164506897,ADT,13956 Cedar Rd,South Euclid,OH,44118
666671,8122978611,ADT,1501 I St,Bedford,IN,47421
666669,6013911989,ADT,201 W Center St,Canton,MS,39046
666667,8322614746,ADT Security Systems,201 S 3rd St,Richmond,TX,77469
666665,5072251005,ADT Security Systems,1700 James Dr,North Mankato,MN,56003
666663,4077534354,ADT Security Systems,206 S Ronald Reagan Blvd,Longwood,FL,32750
666659,3603835043,ADT Washougal,1234 E St,Washougal,WA,98671
666661,7865673146,ADT Security Systems,100 S Royal Poinciana Blvd,Miami Springs,FL,33166
666657,8502524061,ADT Destin,815 Florida 30,Destin,FL,32541
666655,6124350403,ADT Robbinsdale,4101 County Road 8,Robbinsdale,MN,55422
666651,2013350768,ADT North Bergen,800 91st St,North Bergen,NJ,07047
666647,2183166028,ADT Bemidji,401 Beltrami Ave NW,Bemidji,MN,56601
666649,9892481141,ADT Ionia,411 W Bluewater Hwy,Ionia,MI,48846
666645,3162517062,ADT El Dorado,151 N Main St,El Dorado,KS,67042
666643,6787260875,ADT Conyers,1086 Georgia 138,Conyers,GA,30013
666639,9402273014,ADT Hewitt,263 N Hewitt Dr,Hewitt,TX,76643
666641,8702283554,ADT Mountain Home,801 N Cardinal Dr,Mountain Home,AR,72653
666637,3175486011,ADT Security Systems,1401 W Main St,Speedway,IN,46224
666635,4142190162,ADT Security Systems,5096 N Kimbark Pl,Whitefish Bay,WI,53217
666631,4242034187,ADT Security Systems,1801 V?a Olivera,Palos Verdes Estates,CA,90274
666633,9373889987,ADT Security Systems,24 Ohio 134,Wilmington,OH,45177
666629,9792004357,ADT Security Systems,2904 Farm to Market Road 365,Port Neches,TX,77627
666625,9852314711,ADT Security,301 Austin St,Bogalusa,LA,70427
666627,3603257751,ADT Security Systems,1701 E Lakeshore Dr,Lake Stevens,WA,98258
666623,4692878192,ADT Security,411 Tradesman Park Dr,Hutto,TX,78634
666619,2164506022,ADT Security,4135 Richmond Rd,Warrensville Heights,OH,44122
666621,6182410818,ADT Security,1 W Main St,Glen Carbon,IL,62034
666617,5152034084,ADT Security,701 Keeler St,Boone,IA,50036
666613,9545074676,ADT,2729 N Dixie Hwy,Wilton Manors,FL,33334
666615,2602254983,ADT Security,117 E Center St,Warsaw,IN,46580
666611,2183166021,ADT,101 W Lincoln Ave,Fergus Falls,MN,56537
666609,5052787332,ADT Artesia,251 S 1st St,Artesia,NM,88210
666603,7152452786,ADT Plover,2701 Village Park Dr,Plover,WI,54467
666605,3045068362,ADT St Albans,84 Olde Main Plaza,St Albans,WV,25177
666601,2482947025,ADT Rochester,365 S Rochester Rd,Rochester,MI,48307
666597,8652466582,ADT Lewisburg,122 U.S. 31 Alt Business,Lewisburg,TN,37091
666599,4402524021,ADT Amherst,432 Leavitt Rd,Amherst,OH,44001
666595,7203786259,ADT Systems,10228 N Federal Blvd,Federal Heights,CO,80260
666593,2702284224,ADT Systems,101 E Main St,Campbellsville,KY,42718
666589,2082152499,ADT of Blackfoot,15 N Ash St,Blackfoot,ID,83221
666591,5132856933,ADT of Loveland,551 Loveland Madeira Rd,Loveland,OH,45140
666587,6612339609,Tehachapi ADT,120 W Tehachapi Blvd,Tehachapi,CA,93561
666585,6602021061,Maryville ADT,101 W 1st St,Maryville,MO,64468
666581,8452413018,ADT,26 U.S. 202,West Haverstraw,NY,10993
666579,4432310278,ADT Cambridge,515 Poplar St,Cambridge,MD,21613
666577,9142754969,ADT White Plains,506 Tarrytown Rd,White Plains,NY,10607
666575,8034897957,ADT Beaufort,701 Port Republic St,Beaufort,SC,29902
666571,3212127946,ADT Inc.,1006 N SR-A1A,Satellite Beach,FL,32937
666573,9734356008,ADT Pompton Lakes,242 Wanaque Ave,Pompton Lakes,NJ,07442
666569,6052318294,ADT,300 Dakota Ave S,Huron,SD,57350
666565,5072016007,ADT,301 10th St,Worthington,MN,56187
666567,6123289178,ADT,3528 Co Road 39 NE,Monticello,MN,55362
666563,6785524913,ADT,1545 Buford Hwy NE,Buford,GA,30518
666561,5742034649,ADT,200 Indiana 17,Plymouth,IN,46563
666557,4052605074,ADT,1647 S Division St,Guthrie,OK,73044
666559,3072017579,ADT,927 Main St,Evanston,WY,82930
666553,7082942003,ADT,5401 W Calumet Sag Rd,Alsip,IL,60803
666555,3302378092,ADT,500 Ohio 173,Salem,OH,44460
666549,8064294025,ADT,585 N Main St,Vidor,TX,77662
666551,6013850006,ADT,239 W Canal St,Picayune,MS,39466
666547,7653100450,ADT,147 N Jefferson St,Martinsville,IN,46151
666543,9202394129,ADT,2101 Monroe St,Two Rivers,WI,54241
666545,8645012239,ADT,1624 Paris Ave,Port Royal,SC,29935
666541,7162061464,ADT,31 W Main St,Fredonia,NY,14063
666539,8476863965,ADT Systems,6717 N Lincoln Ave,Lincolnwood,IL,60712
666537,5592100228,ADT Systems,385 Sierra St,Kingsburg,CA,93631
666535,3182696842,ADT Systems,9112 Industrial Dr,Bastrop,LA,71220
666531,6415698079,ADT Systems,301 A Ave W,Oskaloosa,IA,52577
666529,2082097380,ADT Systems,4855 Yellowstone Ave,Chubbuck,ID,83202
666525,5733812354,ADT Systems,601 S Washington St,Mexico,MO,65265
666527,7572649068,ADT Secure,2 Park St,Poquoson,VA,23662
666523,7323477539,ADT Secure,118 Monmouth St,Red Bank,NJ,07701
666519,6302258827,ADT,1 W Main St,Plano,IL,60545
666521,9724834142,ADT Systems,112 W Ovilla Rd,Glenn Heights,TX,75154
666517,9282391156,ADT,650 E Center St,Chino Valley,AZ,86323
666513,7344078134,ADT Home Security,22673 Allen Rd,Woodhaven,MI,48183
666515,6513428891,ADT,2832 Viking Blvd NE,East Bethel,MN,55092
666511,7323612961,ADT Home Security,600 Voorhees Ave,Middlesex,NJ,08846
666507,2082152525,ADT Home Security,2976 S Hitt Rd,Idaho Falls,ID,83404
666503,7605375950,ADT Home Security,401 S J St,Imperial,CA,92251
666501,7012038366,ADT Home Security,101 1st Ave E,Williston,ND,58801
666497,5034627954,ADT Home Security,16127 SE Sunnyside Rd,Happy Valley,OR,97015
666499,7402815179,ADT Home Security,1573 Columbus Ave,Washington Court House,OH,43160
666495,3172796019,ADT Home Security,201 S 1st St,Zionsville,IN,46077
666493,8434080192,ADT Home Security,2200 Baxter St,Cayce,SC,29033
666489,5072182531,ADT,365 W Main St,Marshall,MN,56258
666485,6092566034,ADT,201 E Beach Ave,Brigantine,NJ,08203
666487,7082953013,ADT,3912 147th St,Midlothian,IL,60445
666483,9122314093,ADT,1401 E King Ave,Kingsland,GA,31548
666479,2818099778,ADT Home Security,186 S Main St,Lockhart,TX,78644
666477,9103659963,ADT Company,119 W Massachusetts Ave,Southern Pines,NC,28387
666475,3862062951,ADT Company,351 Ridge Blvd,South Daytona,FL,32119
666473,4692380948,ADT Company,200 S Main St,Borger,TX,79007
666471,2052277924,ADT Company,1272 Main St,Gardendale,AL,35071
666467,4123261926,ADT Company,887 5th Ave,New Kensington,PA,15068
666469,2013350764,ADT Company,192 Island Rd,Mahwah,NJ,07430
666465,4093730523,ADT Company,101 N Washington St,Beeville,TX,78102
666461,5412006614,ADT Systems,1723 N Portland St,La Grande,OR,97850
666463,7402028012,ADT Company,23607 Walnut St,Circleville,OH,43113
666457,7402028009,ADT Home Security,1038 E Broad St,Pataskala,OH,43062
666459,6013911986,ADT Company,101 West Avenue S,McComb,MS,39648
666455,2602254978,ADT Home Security,1217 Lincoln Hwy E,New Haven,IN,46774
666451,2183166015,ADT Home Security,212 S 7th St,Brainerd,MN,56401
666453,9373870287,ADT Home Security,403 National Rd,Englewood,OH,45322
666449,6305700253,ADT Home Security,823 Burlington Ave,Western Springs,IL,60558
666447,9192467792,ADT Home Security,200 State Road 1637,Morrisville,NC,27560
666445,2192288189,ADT Home Security,159 S Calumet Rd,Chesterton,IN,46304
666441,5735440158,ADT,100 W 5th St,Fulton,MO,65251
666439,4172045389,ADT,206 N Main Ave,Republic,MO,65738
666435,4402263182,ADT Willowick,30011 Lakeshore Blvd,Willowick,OH,44095
666437,8122264604,ADT,253 Ohio River Scenic Byway,Madison,IN,47250
666433,5592100227,ADT of Kerman,15156 W Whitesbridge Ave,Kerman,CA,93630
666431,5734162831,ADT of Jackson,150 W Main St,Jackson,MO,63755
666427,3522690154,ADT Tavares,353 Florida 500,Tavares,FL,32778
666429,6028991629,ADT Eloy,845 N 11 Mile Corner Rd,Eloy,AZ,85131
666425,9373146006,West Carrollton ADT,3700 Watertower Ln,West Carrollton,OH,45449
666421,3143804168,St Ann ADT,10854 St Charles Rock Rd,St Ann,MO,63074
666423,7066041758,ADT of Cusseta,402 Broad St,Cusseta,GA,31805
666419,3093656455,ADT Streator,300 E Main St,Streator,IL,61364
666415,6052207115,ADT Yankton,446 W 4th St,Yankton,SD,57078
666417,4022601523,ADT of Beatrice,45 S 7th St,Beatrice,NE,68310
659183,7404736961,ADT - Marietta,954 Pike St,Marietta,OH,45750
659181,3172193784,ADT - Beech Grove,402 Main St,Beech Grove,IN,46107
659179,4172335773,ADT - Lebanon,800 Hwy 66,Lebanon,MO,65536
659177,7156291054,ADT - River Falls,125 N Main St,River Falls,WI,54022
659175,8632151992,ADT - Auburndale,548 Havendale Blvd,Auburndale,FL,33823
659171,5153031584,ADT Security Services,112 E Salem Ave,Indianola,IA,50125
659173,7708573126,ADT - Stockbridge,5143 N Henry Blvd,Stockbridge,GA,30281
659169,9033073504,ADT - Jacksonville,224 S Main St,Jacksonville,TX,75766
659167,6362662046,ADT - Washington,2 W 3rd St,Washington,MO,63090
659165,2312561542,ADT Security Services,201 E Front St,Traverse City,MI,49684
659163,5702450472,ADT - Pottsville,783 N Centre St,Pottsville,PA,17901
659159,9542414688,ADT - West Park,3300 U.S. 441,West Park,FL,33023
659155,2092269131,ADT - Ripon,1129 W Main St,Ripon,CA,95366
659157,5053733548,ADT - Sunland Park,1851 New Mexico 273,Sunland Park,NM,88063
659153,8133275954,ADT - Lake Wales,764 Florida 60,Lake Wales,FL,33853
659149,3343160273,ADT - Eufaula,152 E Barbour St,Eufaula,AL,36027
659151,3302378048,ADT - Streetsboro,9445 Cleveland - East Liverpool Rd,Streetsboro,OH,44241
659147,9083452214,ADT - Phillipsburg,101 Heckman St,Phillipsburg,NJ,08865
659145,3362616964,Graham ADT,201 W Pine St,Graham,NC,27253
659141,2762262472,ADT - Martinsville,17 E Church St,Martinsville,VA,24112
659143,2173600297,ADT - Lincoln,401 Broadway St,Lincoln,IL,62656
659139,3093409438,ADT - Canton,1 W Elm St,Canton,IL,61520
659137,3302377988,ADT - Aurora,52 W Garfield Rd,Aurora,OH,44202
659135,6612217002,ADT - California City,8144 California City Blvd,California City,CA,93505
659131,8312635737,ADT - Pacific Grove,1146 California 68,Pacific Grove,CA,93950
659133,8452024023,ADT - Beacon,377 Main St,Beacon,NY,12508
659129,9402153002,Canyon ADT,301 22nd St,Canyon,TX,79015
659125,5402274857,Front Royal ADT,42 S Royal Ave,Front Royal,VA,22630
659127,4403458926,Bay Village ADT,27201 W Oviatt Rd,Bay Village,OH,44140
659123,3143804159,Jennings ADT,8780 Jennings Station Rd,Jennings,MO,63136
659121,7012531005,Jamestown ADT,200 2nd St NW,Jamestown,ND,58401
659117,8502524068,Panama City Beach ADT,15022 Front Beach Rd,Panama City Beach,FL,32413
659119,2052162838,Helena ADT,4682 Hwy 17,Helena,AL,35080
659113,6622606784,Grenada ADT,1200 Fairground Rd,Grenada,MS,38901
659115,2012796288,Tenafly ADT,32 Washington St,Tenafly,NJ,07670
659111,4432905031,ADT Easton,78 N Washington St,Easton,MD,21601
659109,5303797220,Oroville ADT,1841 Oroville Dam Blvd E,Oroville,CA,95966
659105,2012796287,ADT North Arlington,56 Exton Ave,North Arlington,NJ,07031
659103,3342456402,ADT Ozark,100 S Union Ave,Ozark,AL,36360
659099,7028484699,ADT Boulder City,567 Hotel Plaza,Boulder City,NV,89005
659101,9203062002,ADT Allouez,301 E St Joseph St,Allouez,WI,54301
659097,6072313946,ADT Johnson City,123 Main St,Johnson City,NY,13790
659095,6052318298,ADT Mitchell,100 S Rowley St,Mitchell,SD,57301
659091,7242968819,ADT Indiana,667 Philadelphia St,Indiana,PA,15701
659093,7242968821,ADT Washington,2 W Chestnut St,Washington,PA,15301
659089,6093851398,ADT Ocean City,701 13th St,Ocean City,NJ,08226
659087,9122315649,ADT Waycross,501 Pendleton St,Waycross,GA,31501
659085,3182668950,ADT - Pineville,622 U.S. 165 Business,Pineville,LA,71360
659083,3082174520,ADT,1800 Avenue A,Scottsbluff,NE,69361
